epoch,time,train/box_loss,train/pose_loss,train/kobj_loss,train/cls_loss,train/dfl_loss,metrics/precision(B),metrics/recall(B),metrics/mAP50(B),metrics/mAP50-95(B),metrics/precision(P),metrics/recall(P),metrics/mAP50(P),metrics/mAP50-95(P),val/box_loss,val/pose_loss,val/kobj_loss,val/cls_loss,val/dfl_loss,lr/pg0,lr/pg1,lr/pg2
1,25.3758,1.2247,4.68296,0.73283,1.17291,1.71914,0.94676,0.93333,0.97755,0.64874,0.26468,0.2381,0.08072,0.01113,1.27362,4.50127,0.88412,1.28685,2.59157,0.000654545,0.000654545,0.000654545
2,42.7512,0.858,2.38684,0.71331,0.59513,1.37813,0.96722,0.9619,0.99203,0.72218,0.94754,0.94286,0.96262,0.45175,0.98137,2.32038,0.76734,1.02318,2.08966,0.00129505,0.00129505,0.00129505
3,60.0072,0.83298,1.44497,0.61239,0.56278,1.34995,0.48511,0.88571,0.51783,0.32037,0.48275,0.86667,0.51745,0.31556,1.08311,1.68118,0.62599,1.39342,2.04955,0.00190916,0.00190916,0.00190916
4,76.6565,0.81497,1.01516,0.52851,0.55751,1.3472,1,0.9988,0.995,0.73327,0.97139,0.97023,0.95992,0.80113,1.01074,0.77364,0.65103,0.58341,2.12404,0.0018812,0.0018812,0.0018812
5,93.7638,0.78264,0.91326,0.4751,0.52757,1.31999,0.95719,0.95238,0.98744,0.77657,0.9473,0.94286,0.98514,0.73859,0.81353,0.81623,0.52872,0.62661,1.71771,0.0018416,0.0018416,0.0018416
6,110.172,0.77069,0.84189,0.43565,0.53695,1.30433,0.99397,0.98095,0.99437,0.80758,0.98432,0.97143,0.9837,0.86331,0.75257,0.68276,0.5746,0.48263,1.63051,0.001802,0.001802,0.001802
7,127.023,0.73521,0.68958,0.39574,0.51622,1.26992,0.99724,0.98095,0.99404,0.80822,0.99038,0.98038,0.99222,0.82804,0.71659,0.65995,0.49006,0.49352,1.58335,0.0017624,0.0017624,0.0017624
8,144.215,0.70046,0.64239,0.35552,0.47974,1.24559,0.96237,0.97421,0.99032,0.78158,0.98042,0.95382,0.98037,0.85851,0.79235,0.76404,0.30023,0.55389,1.61657,0.0017228,0.0017228,0.0017228
9,161.188,0.7087,0.6387,0.33933,0.47948,1.25267,0.99616,1,0.995,0.77743,0.98668,0.99048,0.9911,0.87197,0.83124,0.58952,0.42681,0.42886,1.68874,0.0016832,0.0016832,0.0016832
10,177.935,0.67292,0.61362,0.30844,0.45684,1.23979,0.99091,1,0.995,0.82446,0.98111,0.99048,0.99129,0.83447,0.70553,0.66212,0.34575,0.37404,1.53839,0.0016436,0.0016436,0.0016436
11,195.207,0.66039,0.53848,0.28682,0.45156,1.22285,0.99546,0.99048,0.995,0.80314,0.98589,0.98095,0.99167,0.82755,0.72181,0.65753,0.2264,0.44928,1.55334,0.001604,0.001604,0.001604
12,212.424,0.63737,0.48714,0.25533,0.42615,1.20584,0.98815,1,0.99491,0.8411,0.9716,0.97759,0.97957,0.8803,0.62498,0.55225,0.211,0.42588,1.42278,0.0015644,0.0015644,0.0015644
13,230.534,0.62994,0.45141,0.24358,0.41714,1.19311,0.96971,0.97143,0.99341,0.81523,1,0.97065,0.985,0.88766,0.73432,0.50314,0.14338,0.43403,1.54194,0.0015248,0.0015248,0.0015248
14,247.989,0.6248,0.46824,0.22608,0.40114,1.18457,0.9836,1,0.99491,0.80199,0.98072,0.9691,0.98089,0.885,0.77979,0.43463,0.20357,0.48209,1.55753,0.0014852,0.0014852,0.0014852
15,264.698,0.60926,0.46372,0.22113,0.40169,1.17919,0.98965,0.98095,0.99481,0.84918,0.98132,0.97143,0.98444,0.92521,0.63791,0.46594,0.50846,0.36195,1.39878,0.0014456,0.0014456,0.0014456
16,281.943,0.59775,0.42168,0.19906,0.39931,1.17153,0.99809,1,0.995,0.85388,0.97908,0.98095,0.98367,0.91521,0.59641,0.44571,0.33472,0.36039,1.37085,0.001406,0.001406,0.001406
17,298.468,0.58518,0.42111,0.19339,0.3941,1.16053,0.99901,1,0.995,0.85117,0.99901,1,0.995,0.93248,0.65757,0.39177,0.29092,0.39021,1.40104,0.0013664,0.0013664,0.0013664
18,315.926,0.58792,0.37876,0.18088,0.38535,1.17179,0.99912,1,0.995,0.86233,0.99912,1,0.995,0.90221,0.6318,0.4378,0.34669,0.37427,1.3854,0.0013268,0.0013268,0.0013268
19,332.755,0.59418,0.36134,0.17405,0.38158,1.16033,0.99927,1,0.995,0.84399,0.99927,1,0.995,0.91929,0.64328,0.31708,0.13544,0.33478,1.42097,0.0012872,0.0012872,0.0012872
20,349.168,0.56715,0.35799,0.16924,0.36795,1.13734,0.99703,1,0.995,0.85578,0.98815,0.99048,0.995,0.92307,0.60732,0.34805,0.21779,0.35083,1.33855,0.0012476,0.0012476,0.0012476
21,365.277,0.54407,0.35972,0.17025,0.36416,1.13323,0.9987,1,0.995,0.85422,0.99037,0.97923,0.98462,0.92729,0.58747,0.37334,0.23014,0.32246,1.32314,0.001208,0.001208,0.001208
22,382.144,0.54364,0.36238,0.15555,0.35702,1.13466,0.99038,1,0.995,0.85504,0.97151,0.98095,0.98413,0.93942,0.58459,0.34937,0.17391,0.3542,1.34825,0.0011684,0.0011684,0.0011684
23,399.776,0.55495,0.32224,0.14881,0.35709,1.1342,0.99549,1,0.995,0.86702,0.98809,0.99048,0.9949,0.9506,0.60644,0.30412,0.24606,0.32499,1.34726,0.0011288,0.0011288,0.0011288
24,417.46,0.52743,0.32599,0.1515,0.34785,1.11308,0.98967,1,0.99472,0.85965,0.98025,0.99048,0.99453,0.9533,0.64115,0.33399,0.35915,0.35256,1.41031,0.0010892,0.0010892,0.0010892
25,433.813,0.51616,0.31612,0.14234,0.34496,1.11456,0.99881,1,0.995,0.86877,0.98927,0.99048,0.9949,0.95114,0.56043,0.28893,0.21281,0.29901,1.31979,0.0010496,0.0010496,0.0010496
26,450.736,0.51383,0.26474,0.132,0.34289,1.10628,0.99935,1,0.995,0.86793,0.98984,0.99048,0.9891,0.9344,0.56339,0.32838,0.11546,0.29904,1.33021,0.00101,0.00101,0.00101
27,467.276,0.50822,0.27567,0.12775,0.33751,1.10741,0.99925,1,0.995,0.87511,0.99925,1,0.995,0.96311,0.58239,0.23427,0.13779,0.31083,1.33932,0.0009704,0.0009704,0.0009704
28,485.241,0.50158,0.27275,0.12796,0.32769,1.10547,0.99939,1,0.995,0.87258,0.98988,0.99048,0.9949,0.96616,0.55048,0.23702,0.14265,0.2808,1.27151,0.0009308,0.0009308,0.0009308
29,503.302,0.50695,0.30846,0.12945,0.33855,1.10549,0.99924,1,0.995,0.87335,0.99924,1,0.995,0.9416,0.58496,0.2915,0.09209,0.30221,1.30274,0.0008912,0.0008912,0.0008912
30,520.116,0.4999,0.26636,0.11555,0.31454,1.09908,0.99918,1,0.995,0.87148,0.99918,1,0.995,0.96057,0.52521,0.23897,0.10038,0.28944,1.271,0.0008516,0.0008516,0.0008516
31,536.875,0.49982,0.23674,0.11919,0.32616,1.11659,0.98974,1,0.995,0.86762,0.98032,0.99048,0.99481,0.96085,0.55574,0.26065,0.09238,0.29465,1.29061,0.000812,0.000812,0.000812
32,553.517,0.47635,0.22244,0.10943,0.30945,1.08776,0.99931,1,0.995,0.86637,0.99931,1,0.995,0.95351,0.6215,0.272,0.14828,0.32074,1.37216,0.0007724,0.0007724,0.0007724
33,570.141,0.47662,0.21399,0.11575,0.30795,1.0732,0.99922,1,0.995,0.86169,0.99922,1,0.995,0.95391,0.58313,0.25811,0.12202,0.29478,1.37286,0.0007328,0.0007328,0.0007328
34,586.511,0.46873,0.23158,0.11565,0.29729,1.07924,0.99043,1,0.995,0.88555,0.98098,0.99048,0.99176,0.95321,0.54541,0.23401,0.0974,0.28868,1.27489,0.0006932,0.0006932,0.0006932
35,603.595,0.44937,0.2154,0.10576,0.29511,1.07214,0.99939,1,0.995,0.88386,0.99939,1,0.995,0.95913,0.52681,0.24923,0.1027,0.25861,1.24305,0.0006536,0.0006536,0.0006536
36,620.647,0.45882,0.22393,0.10946,0.29445,1.07354,0.98073,1,0.99481,0.86318,0.97192,0.99048,0.99481,0.96961,0.5806,0.23183,0.1096,0.28803,1.34386,0.000614,0.000614,0.000614
37,636.932,0.45399,0.19488,0.10293,0.29333,1.06651,0.99942,1,0.995,0.87996,0.99942,1,0.995,0.95822,0.52317,0.23053,0.17365,0.27417,1.2451,0.0005744,0.0005744,0.0005744
38,653.973,0.44275,0.20246,0.09461,0.28681,1.06097,0.99943,1,0.995,0.88547,0.98991,0.99048,0.9949,0.9696,0.51948,0.22357,0.06474,0.26105,1.2617,0.0005348,0.0005348,0.0005348
39,674.466,0.41963,0.19523,0.09566,0.28243,1.06037,0.99011,1,0.995,0.88557,0.98068,0.99048,0.99319,0.96933,0.51735,0.241,0.10807,0.25491,1.26337,0.0004952,0.0004952,0.0004952
40,690.96,0.4155,0.18313,0.09876,0.27104,1.05135,0.99928,1,0.995,0.88801,0.99588,0.99048,0.995,0.9707,0.54333,0.22278,0.08667,0.2723,1.25147,0.0004556,0.0004556,0.0004556
41,710.055,0.29355,0.16138,0.22058,0.21402,1.0134,0.98996,1,0.995,0.88195,0.98053,0.99048,0.99472,0.95498,0.55055,0.30685,0.06704,0.2823,1.29083,0.000416,0.000416,0.000416
42,726.068,0.28222,0.12651,0.15462,0.18867,1.00457,0.99946,1,0.995,0.88286,0.98994,0.99048,0.99481,0.96514,0.51522,0.239,0.09883,0.26428,1.23625,0.0003764,0.0003764,0.0003764
43,742.98,0.26392,0.10603,0.14086,0.18114,0.99638,0.99423,1,0.995,0.88076,0.98476,0.99048,0.99471,0.96266,0.51716,0.2259,0.07816,0.26695,1.25105,0.0003368,0.0003368,0.0003368
44,758.599,0.24647,0.10273,0.13387,0.17208,0.9691,0.99586,1,0.995,0.89419,0.98797,0.99048,0.995,0.96999,0.50163,0.21787,0.09205,0.24262,1.23049,0.0002972,0.0002972,0.0002972
45,778.493,0.24308,0.10655,0.12452,0.16773,0.95663,1,0.99545,0.995,0.90047,0.99043,0.98603,0.9949,0.96893,0.47834,0.22967,0.11163,0.24499,1.18382,0.0002576,0.0002576,0.0002576
46,794.981,0.24028,0.09826,0.10422,0.1626,0.95413,0.99946,1,0.995,0.89207,0.99195,0.99048,0.995,0.96732,0.49881,0.21232,0.10704,0.24088,1.21919,0.000218,0.000218,0.000218
47,811.009,0.22653,0.0883,0.12373,0.15929,0.96411,0.99947,1,0.995,0.90481,0.99264,0.99048,0.995,0.97743,0.48602,0.19948,0.09967,0.23481,1.20235,0.0001784,0.0001784,0.0001784
48,828.638,0.2126,0.09594,0.11636,0.15129,0.94908,0.99956,1,0.995,0.903,0.99697,0.99048,0.995,0.97118,0.4773,0.20344,0.08794,0.22594,1.19016,0.0001388,0.0001388,0.0001388
49,847.379,0.2105,0.08004,0.10384,0.14863,0.94429,0.99949,1,0.995,0.90868,0.99142,0.99048,0.995,0.9673,0.47429,0.2009,0.07577,0.22037,1.17639,9.92e-05,9.92e-05,9.92e-05
50,864.79,0.2045,0.08052,0.09556,0.14658,0.94801,0.99946,1,0.995,0.90727,0.99032,0.99048,0.995,0.96942,0.47355,0.20152,0.07539,0.21878,1.18209,5.96e-05,5.96e-05,5.96e-05
